comment_id,parent_id,author,body,post_id,post_author
j6eazfa,t3_10ofg45,Former_Stick,Fuck yes,10ofg45,obycf
j6edwfa,t3_10ofg45,FreeDifficulty8656,Nice breasts,10ofg45,obycf
j6eotzv,t3_10ofg45,No_Start1539,Yes master,10ofg45,obycf
j6euu0y,t3_10ofg45,Level_Ad_4926,"On my knees for you, may I eat you out while you making clouds?!",10ofg45,obycf
j6f2htp,t3_10ofg45,Many-Accountant-1953,As you command. I do as you say. Here to obey and be you bitch. Use my spun out hole. Bi guy here,10ofg45,obycf
j6f531r,t3_10ofg45,Spiritual-Post-4006,Flawless...,10ofg45,obycf
j6fcg6m,t3_10ofg45,99Dutch99,You had me at bow down . Mesmerizing among other things,10ofg45,obycf
j6fdvxw,t3_10ofg45,Traditional-Shirt-53,Damn how I wish i was there rn ğŸ¤¤,10ofg45,obycf
j6fofoz,t3_10ofg45,Medical_Return9051,Damn you cute,10ofg45,obycf
j6gawei,t3_10ofg45,Huge_Development9156,I canâ€™t get lower unless I start digging!!!,10ofg45,obycf
j6gg9da,t3_10ofg45,RayRayS55,Looking delicious babeğŸ˜‰,10ofg45,obycf
j6gknpw,t3_10ofg45,No-Link-1802,Definitely would,10ofg45,obycf
j6gmgyt,t3_10ofg45,No_Yogurtcloset_3146,Tease,10ofg45,obycf
j6gncox,t3_10ofg45,Bob-AF,There were clouds??  Hehe,10ofg45,obycf
j6gt5aq,t3_10ofg45,Bonemane69,Damn i want you,10ofg45,obycf
j6gumg4,t3_10ofg45,Careful_Bobcat_267,God your hot I would love to smoke with u,10ofg45,obycf
j6gwz7l,t3_10ofg45,Pleasant-Ad-1963,I'm on my knees!!!,10ofg45,obycf
j6h3xck,t3_10ofg45,SuperDuper85,looking as attractive and hot as I've seen u,10ofg45,obycf
j6h40l8,t3_10ofg45,NachoMakeitstretch,Mmmm hell yea wouldn't be the 1st time  i woke up with some pussy shoved in my face ğŸ‘…ğŸ’¦ğŸ’¦,10ofg45,obycf
j6hc6xs,t3_10ofg45,Designer_Disaster741,Was up,10ofg45,obycf
j6ijm8j,t3_10ofg45,No_Start1539,U got it master,10ofg45,obycf
j6iu5ha,t3_10ofg45,Status-Tangerine-721,Maybe... maybe lol,10ofg45,obycf
j6ixvgj,t3_10ofg45,RemarkableAd105,Love them titties,10ofg45,obycf
j6knsfz,t3_10ofg45,DanielSanchez689,Sexy ass girl you!!!,10ofg45,obycf
j6ktxby,t3_10ofg45,Environmental-Cry591,"I want to be high AF with you while making your pussy squirt & those legs shake from having multiple  intense orgasms that leaves you craving more cock every 20 minutes until Iâ€™ve fucked every single orgasm your body had in it ,out of you! âŒâŒâŒğŸ¥µğŸ”¥ğŸ˜ˆ",10ofg45,obycf
j6l89v5,t3_10ofg45,MouthfulOfcumsissy,God damn just ur rock hard nips alone make me wanna cum in my own mouth,10ofg45,obycf
j6l8ans,t3_10ofg45,ProlificLicker,I will bow down to you. I will worship and suck your feet and your toes and worship your pussy. I love eating pussy every day several times today and I love sharing nothing hotter than a room full of guys off fucking my girl.,10ofg45,obycf
j6m4p12,t3_10ofg45,No_Start1539,May i lick ur pussy master,10ofg45,obycf
j78fs2f,t3_10ofg45,Weary-Place-5902,Damn ğŸ¤©ğŸ’–,10ofg45,obycf
j7p295q,t3_10ofg45,willrockyou699669,Still wish you wouldâ€™ve stopped in Myrtle,10ofg45,obycf
j8bzab1,t3_10ofg45,Free_Hunter_5385,"OK put me where you want me tell me what to do
ğŸ¥€ğŸ’ŒğŸ¥€GORGEOUS ğŸ¥€ğŸ’ŒğŸ¥€",10ofg45,obycf
j8glt1m,t3_10ofg45,Cheetah_Slow,I would love to get high with you and beat that pretty little pussy up for hours... Lick you up and dick you down ğŸ˜ˆğŸ˜ˆ,10ofg45,obycf
j9116p6,t3_10ofg45,LingonberryFinal7296,I'm ready,10ofg45,obycf
j93wtkz,t3_10ofg45,Inevitable-Sweet-360,Are your nipples always that hard or just when your spun and horny?,10ofg45,obycf
jb2uxd5,t3_10ofg45,Search4me1,i love the melee ones the best yahoo,10ofg45,obycf
j6i8niw,t1_j6e9gte,obycf,"Just kiss my feet. Well the earth deserves love too tbh we are quite mean to her as a species. 

Ok proceed ğŸŸï¸",10ofg45,obycf
j6i87qt,t1_j6egzjw,obycf,"In my defense, I get way too many msgs and Iâ€™m only 1 person so that inevitably leaves a lot of msgs unread. But I will check my dms â¤ï¸",10ofg45,obycf
j6eli1s,t1_j6egzjw,scottyboyandgirl,Good luck with that budâ€¦shes not much of a communicator â€¦lol,10ofg45,obycf
j6i89na,t1_j6eotzv,obycf,Thatâ€™s what I like to hear ğŸ˜Œ,10ofg45,obycf
j6i8ag7,t1_j6fvf1x,obycf,Thank you!!,10ofg45,obycf
j6i8bcf,t1_j6gawei,obycf,Iâ€™ll get you a shovel,10ofg45,obycf
j6icsu5,t1_j6gncox,obycf,I love your username lol,10ofg45,obycf
j6i8dqq,t1_j6gwz7l,obycf,Perfect ğŸ˜‰,10ofg45,obycf
j6i8f98,t1_j6gykhr,obycf,â¤ï¸ğŸ˜‰ you like?,10ofg45,obycf
j6i8g4a,t1_j6gys2l,obycf,Haha I love this,10ofg45,obycf
j6i8h31,t1_j6h3xck,obycf,Thank you!!,10ofg45,obycf
j95qjxm,t1_j93wtkz,obycf,They are always this hard,10ofg45,obycf
j6ltjq9,t1_j6i87qt,ProlificLicker,Iâ€™ve always wanted to try being submissive to a woman Iâ€™ve always been dominant but I like being told what to do sometimes is for the right woman Iâ€™ll do just about anything thatâ€™s how you know itâ€™s what she likes. Thatâ€™s what I like to hear what the woman likes and make it come true,10ofg45,obycf
